Price,Close,High,Low,Open,Volume
Ticker,MSFT,MSFT,MSFT,MSFT,MSFT
Date,,,,,
2023-11-14,364.7729187011719,366.4280000793841,361.89628618895415,365.5019530209893,27683900
2023-11-15,364.9210205078125,368.33656292908665,362.3938800199408,366.51032306456335,26860100
2023-11-16,371.3374328613281,371.5151132073754,365.42436470220525,366.1943429939351,27182300
2023-11-17,365.0986633300781,369.56058551454436,362.2852703283084,368.81033934726474,40157000
2023-11-20,372.59112548828125,374.00274740716367,366.2338561414442,366.4510310616974,52465100
2023-11-21,368.2773132324219,371.38684030809384,366.35235211982354,370.8439180073763,28423100
2023-11-22,372.9958801269531,374.9109599374389,370.1528738051793,373.14394709672723,23345300
2023-11-24,372.5812683105469,373.1143395355948,370.32070891042537,372.4825469539782,10176600
2023-11-27,373.74609375,375.75004385501524,371.36708082466845,371.9396164792958,22179200
2023-11-28,377.7835998535156,378.07973380889825,373.3019152003715,373.4894767472904,20453100
2023-11-29,373.9830322265625,379.3629996146164,372.591142464095,378.82995852513955,28963400
2023-11-30,374.0422668457031,375.2071005292818,370.64645702621425,373.6276491974568,30554400
2023-12-01,369.69879150390625,373.3018950187399,366.5398888981319,371.91988642578656,33040500
2023-12-04,364.3977966308594,364.77288959280634,358.23793933360014,364.3583020623017,32063300
2023-12-05,367.73431396484375,368.287117368969,360.9229626368156,361.7423166959654,23065000
2023-12-06,364.0621643066406,369.3730544542741,363.3020670287441,368.7412919393215,21182100
2023-12-07,366.18450927734375,366.6780859011841,361.6139849204982,363.49945123863137,23118900
2023-12-08,369.4223937988281,369.6494197796378,363.4994739427989,364.45701385787805,20154400
2023-12-11,366.530029296875,366.82619337920636,361.3968499172915,363.7462797263503,27708800
2023-12-12,369.5704345703125,369.60992913503406,365.70078061680414,366.08578484040567,24838300
2023-12-13,369.56060791015625,372.78861875933916,366.00684969916756,371.18940497024636,30955500
2023-12-14,361.2290344238281,368.95846237315817,359.45217036391796,368.51423129541524,43277500
2023-12-15,365.9673156738281,367.6158446429965,361.5744718957099,362.13715644828704,78502300
2023-12-18,367.8626708984375,368.2081805782412,363.943671095841,364.70379841651464,21802900
2023-12-19,368.4648742675781,368.4648742675781,365.0887965076412,366.7175935330502,20603700
2023-12-20,365.8587646484375,371.19926781243174,365.7699244632415,370.18250108115,26316700
2023-12-21,368.7412414550781,369.6000599811611,365.28620500497976,367.77382040386084,17708000
2023-12-22,369.7678527832031,370.3601507609569,367.921881017533,368.8794208793357,17107500
2023-12-26,369.84686279296875,372.097571135072,368.70176133814033,370.18249130335374,12673100
2023-12-27,369.2644348144531,370.24170692184094,368.0206120410306,368.88931174783187,14905400
2023-12-28,370.45892333984375,371.6237571110033,369.3533163620971,370.547763529963,14327000
2023-12-29,371.20916748046875,372.31477445203035,368.6820572238906,371.16967290990425,18730800
2024-01-02,366.10552978515625,371.0709095466851,362.0581953380122,369.0571084332548,25258600
2024-01-03,365.8390197753906,368.46485117398277,363.77587298911,364.2694496401492,23083500
2024-01-04,363.21319580078125,368.3069105586838,362.45309858783475,365.90813521572943,20901500
2024-01-05,363.0256652832031,367.2802940556776,361.79172352493254,364.2299936442964,21004600
2024-01-08,369.8764953613281,370.3799532157685,364.2694714991835,364.5557242835835,23134000
2024-01-09,370.96234130859375,371.1597538902258,366.421430173672,367.2309030972876,20830000
2024-01-10,377.8526611328125,379.23469986544035,371.48554036689814,371.5348859821227,25514200
2024-01-11,379.68878173828125,385.66104720244766,375.49338017859446,381.04117695037814,27850800
2024-01-12,383.4794006347656,383.6866943693622,379.7084682216871,380.53767328559803,21661200
2024-01-16,385.2563171386719,388.9680232792621,382.64036685364044,388.6027813692521,27202300
2024-01-17,384.46661376953125,385.09837624388496,379.86647557529443,382.99576492837696,22234100
2024-01-18,388.81011962890625,388.9285732213275,385.1082942380826,386.68774576327377,23392100
2024-01-19,393.54833984375,393.54833984375,388.44474505877736,390.6757207061434,29331100
2024-01-22,391.4161376953125,395.473323018941,388.53363700238464,394.8810250545832,27016900
2024-01-23,393.7754211425781,394.24926554264465,388.8692683381001,390.66589446380215,20525900
2024-01-24,397.3884582519531,400.4190263282457,395.3055791013252,396.38157265965583,24867000
2024-01-25,399.6687927246094,401.7813154634368,397.3588573808602,399.12587040416065,21021200
2024-01-26,398.7408142089844,400.95205802517637,397.260084299944,399.1751640590117,17803300
2024-01-29,404.4564514160156,404.71312091427023,399.13568066698633,400.8434667217464,24510200
2024-01-30,403.3409729003906,407.7436682887795,401.22848045302675,406.96383885346637,33477600
2024-01-31,392.4723815917969,409.98450098702557,392.1071397040654,401.7318840316436,47871100
2024-02-01,398.5927734375,402.75856172705096,396.63819898392825,396.6678123790341,30657700
2024-02-02,405.93719482421875,407.3488168603616,398.375596677948,398.6223850112119,28256700
2024-02-05,400.4387512207031,405.8779758304878,398.8000730412909,404.6341529667765,25352300
2024-02-06,400.28082275390625,402.7289740324924,397.73398023568876,400.6658270403805,18382600
2024-02-07,408.7308349609375,408.977623299913,402.16627116929635,402.2057657386807,22340500
2024-02-08,408.7900390625,410.22142339932105,407.23035010197816,408.7308122744756,21225300
2024-02-09,415.1473083496094,415.4138590210017,409.757459765656,409.9154079087516,22032800
2024-02-12,409.92529296875,415.3348738248099,409.4218351407045,415.1571934592156,21202900
2024-02-13,401.1001892089844,404.8020145742647,398.20783688703966,399.73791265447613,27824900
2024-02-14,404.9769592285156,405.32310787901633,400.1111999525174,403.57262609504295,20401200
2024-02-15,402.0792236328125,404.6209064246705,399.8342525934749,403.6418270582009,21825500
2024-02-16,399.6067810058594,403.7901722944783,398.99361896429224,403.4637923812322,22296500
2024-02-20,398.3507995605469,400.0320454973026,393.62348186339256,398.7958219344355,24307900
2024-02-21,397.7474670410156,397.85627039792524,392.8421408842448,395.75964027371015,18518900
2024-02-22,407.1131591796875,408.28014704114486,404.06711743971994,405.6692584327785,27009900
2024-02-23,405.8175964355469,411.27674907450717,404.4627001774506,411.0888708510676,16295900
2024-02-26,403.0484313964844,407.61750865515694,402.87039227350954,406.9252114178632,16193500
2024-02-27,402.9891052246094,403.8198438215264,399.39910723637763,403.4934639055569,14835800
2024-02-28,403.2264404296875,404.7890136651283,400.85289732894444,403.6813622301974,13183100
2024-02-29,409.08123779296875,409.6350635504339,401.4463196436388,404.13634340042967,31947300
2024-03-01,410.92071533203125,411.28663268034427,406.35163783892614,406.7373238991448,17823400
2024-03-04,410.34710693359375,412.75031823241517,407.7757559549475,408.8834074088287,17596000
2024-03-05,398.2123107910156,409.6844709938999,396.22448391124544,409.39765868898735,26919200
2024-03-06,397.6584777832031,400.69464990996806,393.9992743713947,398.52878394681863,22344100
2024-03-07,404.63079833984375,405.26372907387855,397.8068205149772,401.644063065413,18718500
2024-03-08,401.74298095703125,405.89670410960423,399.87379648400184,403.4637944607813,18002200
2024-03-11,400.0617370605469,401.20895621575255,396.8376863432141,399.310133613595,16120800
2024-03-12,410.7030944824219,410.98990677094014,402.306674544951,403.1275136284859,22457000
2024-03-13,410.5251159667969,413.571157465626,406.9153492946695,413.49205243943396,17115900
2024-03-14,420.5335693359375,423.10492026926096,413.3832416992079,415.60844401398504,34157300
2024-03-15,411.8305969238281,417.942479135497,408.2405987740766,414.66896146964007,45079900
2024-03-18,412.72064208984375,416.09306343618266,409.2196486698743,409.6844699154105,20106000
2024-03-19,416.76556396484375,417.0227081134529,410.970132443708,413.2250029233721,19837900
2024-03-20,420.54345703125,421.26539222387987,416.02381676802577,417.3490447100486,17860100
2024-03-21,424.6378479003906,426.07187931857345,422.45221307253894,425.092769724827,21296200
2024-03-22,424.0147705078125,425.1224219595106,421.374213954432,424.9642119074724,17648500
2024-03-25,418.1995849609375,422.69945686878276,416.96336138975573,420.5533594694659,18060500
2024-03-26,417.0028991699219,421.2950634803322,416.7062176065533,420.9192467125738,16725600
2024-03-27,416.78533935546875,419.7720747256789,414.3920274982848,419.7621752794236,16705000
2024-03-28,416.0831604003906,417.2204799799258,414.5007882900106,416.32050565351443,21871200
2024-04-01,419.8907165527344,423.17413325734867,417.5666104461178,419.27755455465604,16316000
2024-04-02,416.7952575683594,417.7249001210624,413.23492759856475,415.4798987691936,17912000
2024-04-03,415.816162109375,418.59519021361444,414.47113520321466,415.1040961428757,16502300
2024-04-04,413.27447509765625,423.9455650411732,412.96789407723793,420.30610003731573,19370900
2024-04-05,420.83026123046875,421.809370796235,413.7096317572202,415.3810083958257,16554800
2024-04-08,419.9104919433594,422.5708472466926,418.63470088049553,420.48411653092035,14272400
2024-04-09,421.5818786621094,423.0257792491063,416.9732338650976,421.74011889073387,12496900
2024-04-10,418.5951843261719,419.3566871510799,415.0744221472326,417.5369697470064,16216600
2024-04-11,423.21368408203125,424.6378159464607,417.7050650079003,421.1269533333631,17966400
2024-04-12,417.25018310546875,420.4940326220514,415.1436532637378,419.3764816595376,19253800
2024-04-15,409.08123779296875,422.1159721682041,408.8735304979892,421.8983956076828,20273500
2024-04-16,410.01080322265625,413.7887093494547,409.1701954171728,410.0009339582446,16765600
2024-04-17,407.301025390625,414.26344459371984,405.8076577445542,412.6514043206412,15855500
2024-04-18,399.814453125,407.3504970183281,399.49800284316774,406.1043740582622,21029900
2024-04-19,394.7212219238281,401.0111429150955,393.3860944801934,399.5771115531844,30565800
2024-04-22,396.54095458984375,398.4101391191041,391.38838318863185,395.6706483655049,20286900
2024-04-23,403.0780944824219,403.70115595190015,398.61779046162303,399.78477819553336,15734500
2024-04-24,404.5516662597656,407.92408759573516,402.2967957988556,405.04615566067775,15065300
2024-04-25,394.6421203613281,395.4827584021969,383.7534537964164,389.6873267702122,40586500
2024-04-26,401.8419189453125,408.4482908369005,401.2880931688465,407.6274516193231,29694700
2024-04-29,397.8167419433594,401.84189310160997,394.79046908042733,400.7836784898605,19582100
2024-04-30,385.0390930175781,397.72770759660574,384.880882973138,397.06507853790987,28781400
2024-05-01,390.58734130859375,397.2926172515491,386.0083640304138,388.2830034985471,23562500
2024-05-02,393.4552917480469,395.5222536584796,390.3004472054824,393.2772828213077,17709400
2024-05-03,402.1781005859375,402.6626905136215,397.4309844950286,397.8463688482122,17446700
2024-05-06,408.9822692871094,409.3679552945795,401.8912785681901,404.254952201575,16996600
2024-05-07,404.82861328125,410.09988764131936,404.5813685599285,410.0899881944696,20018200
2024-05-08,406.0153503417969,407.68672686794355,402.2275447730789,403.6714754994307,11792300
2024-05-09,407.7757263183594,408.17131178296086,404.59121352927775,406.0450135021462,14689700
2024-05-10,410.1690673828125,410.8020283165112,407.2614672287658,408.3889175739522,13402300
2024-05-13,409.1603088378906,413.73928549404195,406.29227636469005,413.4030363250276,15440200
2024-05-14,411.968994140625,412.8887371535048,407.01420084343874,407.479022072728,15109300
2024-05-15,419.1718444824219,419.8951120945601,413.4155159621218,414.0397012631118,22239500
2024-05-16,417.10113525390625,421.4902365295034,416.4670629155656,417.9036505371182,17530100
2024-05-17,416.3283386230469,419.0133270061195,414.16848343784375,418.6368323849846,15352200
2024-05-20,421.4109802246094,422.82776355183796,416.11039402133315,416.32836301288194,16272100
2024-05-21,425.0768127441406,428.9705026738853,420.92551485184475,422.8872055338078,21453300
2024-05-22,426.5431213378906,428.41567724259045,423.1844517072994,426.1171006588035,18073700
2024-05-23,423.0556335449219,429.5946728037583,421.49024192824197,428.9704875231151,17211700
2024-05-24,426.18646240234375,427.07814273445496,420.4895772016025,423.2438961414034,11855300
2024-05-28,426.3450012207031,426.8403825578059,422.6593628632313,425.6613725566471,15718000
2024-05-29,425.20562744140625,426.95926647856015,421.75776247263485,421.75776247263485,15517100
2024-05-30,410.83953857421875,420.3805569661453,410.4134876792539,420.3805569661453,28394500
2024-05-31,411.2952880859375,412.90031868017155,400.7733939809139,412.90031868017155,47995300
2024-06-03,409.70013427734375,412.58325703510326,405.142650563615,411.69157675353347,17484700
2024-06-04,412.22662353515625,412.5932008783865,405.89563568095855,408.62023297171766,14348900
2024-06-05,420.0932922363281,420.1626226445845,412.45449022904074,413.95055154632206,16988000
2024-06-06,420.5985107421875,421.38122162993574,416.6949038401279,420.0932423972592,14861300
2024-06-07,419.93475341796875,422.3422993904052,419.09259912200673,422.2630516824485,13621700
2024-06-10,423.9176025390625,424.12565422580445,419.9743866143219,420.7769019274312,13982900
2024-06-11,428.68316650390625,428.82188778491104,421.3218074365333,421.54969372575147,14551100
2024-06-12,436.98577880859375,439.3041598174871,429.2479248102113,431.29881078427445,22366200
2024-06-13,437.5009765625,439.2942848532079,435.31139947750404,436.7777391476236,15960600
2024-06-14,438.4818420410156,439.04658401937843,432.6858743754039,434.23146172147676,13582000
2024-06-17,444.2282409667969,446.774508213362,436.64891280244507,438.5016341053226,20790000
2024-06-18,442.2170104980469,445.9819268194956,440.7804227549636,445.55587588842855,17112500
2024-06-20,441.5829162597656,442.4052359389207,437.1938148300054,442.17734964919055,19877400
2024-06-21,445.6252136230469,446.41781163119543,442.3854307142529,443.24738936292533,34187100
2024-06-24,443.53472900390625,448.5677899641911,442.286358388998,445.64502805126915,15913700
2024-06-25,446.784423828125,447.25008347754516,442.62320865306464,444.10935261048957,16413400
2024-06-26,447.98321533203125,449.4099158773303,444.04988664900225,444.8524019262736,16507000
2024-06-27,448.6668701171875,451.9562093572158,447.5968295279366,448.00304584092294,14806300
2024-06-28,442.8213806152344,451.17350253784576,442.2863603157035,448.88484322432845,28362300
2024-07-01,452.5110168457031,453.1450891922846,441.5432675183624,444.5155553424217,17662800
2024-07-02,455.0374450683594,455.3445790550665,448.9244265313974,449.01362177266395,13979800
2024-07-03,456.5137023925781,456.76139305889615,453.65041401249385,453.957548019874,9932800
2024-07-05,463.240966796875,464.0236777303131,454.7303195449201,455.36439189726417,16000300
2024-07-08,461.9331970214844,463.37973235023577,460.16964060410885,462.24033104325304,12962300
2024-07-09,455.2950744628906,463.0130936996793,453.7692915232205,462.6861553304454,17207200
2024-07-10,461.9430847167969,462.1511364069266,454.6213342335764,456.9595498058476,18196100
2024-07-11,450.49981689453125,460.4866917201194,447.3788901655864,458.703330934161,23111200
2024-07-12,449.3603820800781,452.1444226722039,446.48717647887116,450.1331757277914,16324300
2024-07-15,449.7666015625,453.0361364302562,447.2599732817251,449.1126945889487,14429400
2024-07-16,445.36761474609375,450.1034589951911,442.53404808528967,450.0242112870306,17175700
2024-07-17,439.42303466796875,440.7407659095282,435.12312844393387,438.5016326704633,21778000
2024-07-18,436.3021240234375,440.5425867682437,430.38727005541875,440.23545277919766,20794800
2024-07-19,433.0722351074219,437.0650374995757,428.00945262308335,429.09929755421246,20940400
2024-07-22,438.84844970703125,440.4931194808367,434.8556770812407,437.70907860515956,15808800
2024-07-23,440.74078369140625,444.2480920401895,439.00694900358457,439.7995470523178,13107100
2024-07-24,424.9381408691406,437.4019532970569,423.6402440749842,436.3814688657199,26805800
2024-07-25,414.53509521484375,425.8297836093588,413.65333216081086,424.83902093903856,29943800
2024-07-26,421.34161376953125,424.9579215661057,413.41551271082733,414.33694493801545,23583800
2024-07-29,422.7881164550781,428.158032577235,420.77686967559504,427.5932906636887,15125800
2024-07-30,419.01336669921875,425.0867165408092,413.5046983714735,423.7690154776861,32687600
2024-07-31,414.4855651855469,417.88387385546883,408.4022679352166,416.61569885909415,42891400
2024-08-01,413.2569885253906,423.5113878535516,409.2741336141255,416.9030180044247,30296400
2024-08-02,404.7166442871094,411.1665191178448,400.60498514306653,408.6796950737874,29437900
2024-08-05,391.4998474121094,397.3354538191348,382.01824178124633,385.57510623229217,40709200
2024-08-06,395.9186706542969,401.92272047285906,394.8189385631437,396.30508262297985,24946500
2024-08-07,394.7495422363281,406.2919206772892,393.79841858999345,404.865250325625,20650900
2024-08-08,398.97021484375,402.11091551932753,396.24561755012843,398.7225241806935,20203000
2024-08-09,402.2694396972656,404.2806866644843,398.5441926988125,400.2978317019802,19276700
2024-08-12,403.05218505859375,404.98418448253045,400.50591757780563,403.29987574188414,16762900
2024-08-13,410.1856384277344,411.1169577013194,405.7866500141935,405.8064543815787,19414300
2024-08-14,413.0093078613281,413.8613794713292,408.6400711388976,410.9683392009438,18267000
2024-08-15,417.89263916015625,417.972029702109,414.5477559984779,416.671793760154,20752100
2024-08-16,415.35174560546875,418.20035477297347,414.1904506066069,417.4658786225156,22775600
2024-08-19,418.3889465332031,418.60730840360986,413.356718626676,415.83808974940047,15234000
2024-08-20,421.63458251953125,422.68668148594463,418.4981559756192,418.557706461252,16387600
2024-08-21,420.9794921875,423.22263097030424,418.57751173597626,420.9199114166435,16067300
2024-08-22,412.4534912109375,423.60975624910697,411.5204932561933,421.19784052472494,19361900
2024-08-23,413.68426513671875,416.1358609497773,409.01927543893964,413.87285176004434,18493800
2024-08-26,410.4088134765625,414.1705802586453,408.2748405512739,413.2673576122786,13152800
2024-08-27,410.7562255859375,411.27233984867695,407.19298047026894,409.7835172509794,13492900
2024-08-28,407.5404052734375,411.9076124558987,404.2749123464537,411.78851148667684,14882700
2024-08-29,410.0416259765625,418.90507669309693,407.54041469455717,411.84807149198764,17045200
2024-08-30,414.0316467285156,414.37901443017955,409.05896964037805,412.50311373853776,24308300
2024-09-03,406.3890380859375,416.7512462836699,403.99699269665393,414.79592463376775,20313600
2024-09-04,405.8530578613281,408.1756176150405,401.356814564364,402.8853476688359,15135800
2024-09-05,405.3468322753906,410.0217264889614,403.10366332769695,404.58255066568705,14195500
2024-09-06,398.70672607421875,407.5900165631096,397.81340823350934,406.01186815612465,19609500
2024-09-09,402.6967468261719,405.6049064318399,399.1533416913916,404.2054095225525,15295100
2024-09-10,411.1135559082031,413.2276585385216,404.6619913629379,405.1582655587275,19594300
2024-09-11,419.8876953125,420.83059814465895,406.527971667463,412.4038716868024,19266900
2024-09-12,423.81817626953125,424.18541433930886,416.62220020874884,420.1556701684846,17395700
2024-09-13,427.3814392089844,428.61218961071086,422.2896607454525,422.6568988304725,15874600
2024-09-16,428.1258544921875,430.29953807017074,425.02910810442387,427.3913783153956,13834700
2024-09-17,431.9074401855469,438.5575267353336,429.0488958810436,436.949603136594,18874200
2024-09-18,427.59979248046875,432.78089656665435,427.20277916114134,431.75857288155333,18898000
2024-09-19,435.42108154296875,438.21014026162374,433.64441133789575,437.9421630848395,21706600
2024-09-20,432.02655029296875,435.966968827051,430.98438654289276,433.96203187473805,55167100
2024-09-23,430.2796936035156,433.2076933933247,427.182947247431,431.04394501505726,15128900
2024-09-24,425.9720458984375,430.1208912889201,422.92491478511505,429.7734932617357,17015800
2024-09-25,428.8901062011719,429.8925898519273,425.3765064150849,426.6270968939567,13396400
2024-09-26,428.0960693359375,432.05632795663564,425.9323209856426,431.847901263487,14492000
2024-09-27,424.8305358886719,428.6320130497984,424.2846464096371,428.30445513023994,14896100
2024-09-30,427.09356689453125,427.21269814697155,422.20031052363777,425.01914436125503,16807300
2024-10-01,417.5552062988281,425.28716713975047,415.68921038228643,425.257391898111,19092900
2024-10-02,414.021728515625,419.66933146547984,413.6048448503053,419.4310992466512,16582300
2024-10-03,413.4361267089844,416.4236768512481,411.20289276743637,414.51800085029123,13686400
2024-10-04,412.959716796875,416.62222309915006,411.87784259208183,415.1234652064613,19169700
2024-10-07,406.48828125,414.0018496365578,405.95229663138974,412.90013544904184,20919800
2024-10-08,411.6197509765625,412.5626841012525,405.1285060524599,407.83814388099404,19229300
2024-10-09,414.3492431640625,417.247497795826,411.2127866111198,412.7611596791307,14974300
2024-10-10,412.7413635253906,414.24012144932607,410.0714056441615,412.13592348125917,13848400
2024-10-11,413.2177429199219,414.0217046730069,410.1706121672714,413.039091483719,14144900
2024-10-14,416.0167541503906,420.8802352901763,414.40880028614094,414.65693738807056,16653100
2024-10-15,415.6197204589844,419.3318721896264,412.1656713035286,419.0340894861109,18900200
2024-10-16,413.0192565917969,413.2574585271856,407.421299078938,412.0763537374333,15508900
2024-10-17,413.6147766113281,419.35170523704693,412.49319205621896,419.2127339196968,14820000
2024-10-18,415.0440673828125,416.52295489433874,413.1582313681452,414.0316788587722,17145300
2024-10-21,415.659423828125,415.8380752730999,410.6669065146117,413.01924141063614,14206100
2024-10-22,424.32440185546875,427.37150260733677,414.92496672704124,415.37159535996557,25482200
2024-10-23,421.4360656738281,427.86776005710016,419.3814831724278,427.6493981928425,19654400
2024-10-24,421.5650939941406,422.80577949754775,419.2524392532927,422.1605988036373,13581600
2024-10-25,424.9595947265625,429.29702642206786,423.3913815699701,423.5799681906594,16899100
2024-10-28,423.4112243652344,428.72136443906953,423.12337684387694,428.44345209470936,14882400
2024-10-29,428.7312927246094,429.94220298203743,422.62709584345464,424.8107144355948,17644100
2024-10-30,429.3069763183594,435.2324917274877,428.880187758029,434.18039280239805,29749100
2024-10-31,403.3220520019531,413.05894946974416,403.2724064074055,412.2648925685448,53971000
2024-11-01,407.3121032714844,412.4038816750557,404.46349406157685,405.96225191647693,24230400
2024-11-04,405.41632080078125,407.3617375208185,402.5478716062057,406.74633205416956,19672300
2024-11-05,408.39398193359375,411.808351068097,405.0391632836315,405.32701081903,17626000
2024-11-06,417.0489807128906,417.31698816741806,407.4609595048601,409.346825702744,26681800
2024-11-07,422.2598571777344,423.66928922885575,416.75122569160607,418.14078738908074,19901800
2024-11-08,419.3913879394531,423.3218709209174,418.6370415012291,422.15067113853826,16891400
2024-11-11,414.8951721191406,421.6444892164841,412.90014011467326,419.37154486777723,24503300
2024-11-12,419.87774658203125,421.27724345465793,414.09120276331856,415.1333664626366,19401200
2024-11-13,422.0315856933594,426.13078508233804,415.0936518803662,418.4981158636683,21502200
2024-11-14,423.7090148925781,424.9794756745813,416.87034165331505,421.83308381585454,30246900
2024-11-15,411.9075927734375,419.64945830467593,410.5577414665236,416.69168340974903,28247600
2024-11-18,412.6619567871094,415.28226896658396,409.0292257942814,411.77857411978533,24727000
2024-11-19,414.6767883300781,414.825664526232,408.4832659585283,410.03163897887276,18133500
2024-11-20,412.3939208984375,414.18052617467214,407.52050466835993,413.76364252316546,19191700
2024-11-21,410.61370849609375,417.48594978990576,408.047821251109,417.2074811714516,20780200
2024-11-22,414.7211608886719,415.11896888171356,408.81361962204943,409.1219230929671,24814600
2024-11-25,416.5013732910156,418.778836873561,412.58290247238904,416.09361024787086,27691100
2024-11-26,425.6510925292969,426.69537265560376,416.5610569682543,417.29700327286355,23458900
2024-11-27,420.6784362792969,424.895286183322,419.7137359172663,422.78684605590655,18332400
2024-11-29,421.1458435058594,422.55809676444443,415.51677094971404,417.7942649272981,16271900
2024-12-02,428.6247863769531,430.63373653101576,419.00761775180223,419.2662066130162,20207200
2024-12-03,428.84356689453125,430.1066156030698,425.40245343840513,427.4909833141871,18302000
2024-12-04,435.0295715332031,437.2672755840065,430.26573974460115,430.6635477279166,26009400
2024-12-05,440.20111083984375,442.22997089475297,433.7863778049247,435.5268141893356,21697800
2024-12-06,441.14593505859375,443.6621076103015,439.3557536946216,439.88285607578405,18821000
2024-12-09,443.58251953125,445.8798931073043,438.09269688925554,440.18122659952354,19144400
2024-12-10,440.9072570800781,447.16289170564096,439.1867306857862,441.96149226752044,18469500
2024-12-11,446.5363464355469,447.8889300799693,441.62334015579273,441.62334015579273,19200200
2024-12-12,447.10321044921875,453.66714837494953,446.65565750056305,446.65565750056305,20834800
2024-12-13,444.8257141113281,448.9629838704377,443.14494732322726,445.98933356109154,20177800
2024-12-16,449.12213134765625,449.7089034526842,442.8466168869823,444.82573215231423,23598800
2024-12-17,451.9764404296875,452.80192160914675,447.1131792784758,448.5453123373024,22733500
2024-12-18,434.999755859375,450.17634202962637,434.6317523490202,448.8536235978926,24444500
2024-12-19,434.6416931152344,440.7580781855559,433.9355816606558,439.2066057877418,22963700
2024-12-20,434.21405029296875,441.31501544447383,426.28760397482347,430.74310199904505,64263700
2024-12-23,432.8714294433594,435.25830776300677,430.4646409959487,434.35327712310794,19152500
2024-12-24,436.9291076660156,437.1976515770788,431.817212852652,432.27469051669533,7164500
2024-12-26,435.7157897949219,438.5303413291557,434.24389716434194,436.6804901261448,8194200
2024-12-27,428.1772155761719,432.8415878431465,424.020065946368,432.22498090820386,18117700
2024-12-30,422.5083312988281,425.21346797282456,419.5943507529856,423.7316203926744,13158700
2024-12-31,419.1965637207031,424.3979934566231,418.36115784079396,423.77143145899026,13246500
2025-01-02,416.2925109863281,423.74159992080814,412.5829142901712,423.2045424399656,16896500
2025-01-03,421.0364685058594,421.712745134401,417.2472919522773,418.77885425500915,16662900
2025-01-06,425.5118713378906,431.9465149926899,423.15482788109534,425.66104554069966,20573600
2025-01-07,420.0617980957031,428.29654775990844,418.50037065706186,426.655570865203,18139100
2025-01-08,422.2398681640625,424.6367016726728,419.2363827431032,421.14587335814815,15054600
2025-01-10,416.6604919433594,422.38899347611215,412.7519459369572,422.30944402253056,20201100
2025-01-13,414.9101257324219,416.21296436365594,410.03690951971083,412.97077003054903,17604800
2025-01-14,413.3984375,417.4461724776856,408.4754763868852,415.5267269300622,16935900
2025-01-15,423.98028564453125,425.8102267141552,415.98421438422275,416.83953041233667,19637800
2025-01-16,422.25970458984375,427.1428756329152,422.07077084126166,426.35721474684357,15300000
2025-01-17,426.6854248046875,432.1056536473427,425.83013912279745,431.7177703608077,26197500
2025-01-21,426.1582946777344,428.5451728718131,423.27414892860577,427.8490165052251,26085700
2025-01-22,443.7616271972656,444.8257568157961,433.6173558153904,435.1688283301516,27803800
2025-01-23,444.2687683105469,444.3085582129765,439.08724891108926,439.58451646364995,18389300
2025-01-24,441.6332702636719,444.20911262497947,438.98780315861995,442.727264983927,15549500
2025-01-27,432.1851806640625,432.82169771122886,421.185624630697,421.6928472557325,35647800
2025-01-28,444.7561340332031,445.9296782334323,429.02258057650255,432.22498499378844,23491700
2025-01-29,439.9127197265625,444.4378728714111,437.9932741704639,444.2489087647689,23581400
2025-01-30,412.7221374511719,420.5491243253889,410.9021514578089,416.4814791520961,54586300
2025-01-31,412.7917785644531,418.39101660852566,412.64260435429605,416.69036991112364,34161900
2025-02-03,408.6744079589844,413.1398611878705,406.4267487485119,409.350684594608,25679100
2025-02-04,410.116455078125,411.65800277159144,407.5008227766752,410.43471361041793,20532100
2025-02-05,411.0314636230469,411.5684907814938,408.1572423104593,410.0965981017129,16316700
2025-02-06,413.547607421875,415.914605901032,411.73754619066034,411.73754619066034,16309800
2025-02-07,407.5107727050781,416.36212936115334,405.86979579790295,414.2040051086223,22886800
2025-02-10,409.96728515625,413.1895693646485,408.6744015876666,411.44913283343,20817900
2025-02-11,409.1915588378906,410.23580864154656,407.0632389741584,407.40140764567894,18140600
2025-02-12,406.8046569824219,408.5053035519359,402.1601645834243,404.98464070295296,19121700
2025-02-13,408.2964782714844,408.75395595267076,404.1392981832616,404.7758152621338,23891700
2025-02-14,406.1979675292969,406.6753553081934,403.66191514014076,405.5614808415711,22758500
2025-02-18,407.4013977050781,408.3561429609082,404.2785427328027,405.7703454735141,21423100
2025-02-19,412.5033264160156,413.21939292620334,405.4222411212721,405.65099512827777,24114200
2025-02-20,414.6857604980469,417.8547165109783,411.10822380495836,413.84867949906476,23508700
2025-02-21,406.793212890625,416.59905745325864,406.4743466307379,415.8915301727366,27524800
2025-02-24,402.59783935546875,407.9491968592537,397.93408950529806,407.09219625426255,26443700
2025-02-25,396.51898193359375,400.5250489764073,395.32316508227535,399.7078876937612,29387400
2025-02-26,398.3426513671875,402.1992147309307,392.8816600835235,396.6286198264506,19619000
2025-02-27,391.16766357421875,404.33180773998396,390.8089276067015,399.8773203400045,21127400
2025-02-28,395.6121520996094,396.24994544118493,385.2283339547379,391.29719366600983,32845700
2025-03-03,387.14166259765625,397.4358274187669,384.8197626823639,397.4358274187669,23007700
2025-03-04,387.26123046875,391.21745294280987,379.67765721488945,382.06932141422595,29342900
2025-03-05,399.628173828125,400.27594221038044,387.4605594414927,387.9887187604894,23433100
2025-03-06,395.5125427246094,400.7542663515353,391.3171323240562,392.91158534383527,23304600
2025-03-07,391.9449462890625,393.42976525122566,384.20192438386283,390.9583919892802,22034100
2025-03-10,378.8406066894531,385.0589401894391,375.9108079261914,384.50088617849997,32840100
2025-03-11,379.12957763671875,384.6603029891263,375.60185546191633,377.6845980126396,30380200
2025-03-12,381.9397888183594,383.883033194115,377.634805186652,381.62092254273574,24253600
2025-03-13,377.45538330078125,383.9826683121219,376.139987768004,381.8301614244045,20473000
2025-03-14,387.21142578125,388.87564310802037,378.19284770158055,378.46189966674945,19952800
2025-03-17,387.3509521484375,391.3470139725856,384.23181056492524,385.35789354291256,22474300
2025-03-18,382.18890380859375,386.02554767204197,379.77731994813644,385.7266010485673,19486900
2025-03-19,386.4740295410156,388.32755958105986,382.66728002942375,384.1919687568245,19185500
2025-03-20,385.49737548828125,390.4302074924951,381.9497337537801,384.4011872193827,18470500
2025-03-21,389.9020690917969,390.38038369901005,381.47140919973003,381.8899648927027,39675900
2025-03-24,391.7157287597656,394.02768406346627,388.45708885622673,394.02768406346627,21004500
2025-03-25,393.7885437011719,394.98436068056907,391.2773006739415,392.552857032296,15775000
2025-03-26,388.6165466308594,393.93800963918454,387.2214116418782,393.6290879777552,16108400
2025-03-27,389.2243957519531,390.87863801869304,386.05543991632794,388.7759758195498,13766800
2025-03-28,377.48529052734375,387.77945533191945,375.6217855831935,386.7330813092454,21632000
2025-03-31,374.087158203125,375.761320171641,365.96541986866765,371.2470435423123,35184700
2025-04-01,380.8635559082031,381.52126893067276,371.93466141936483,373.34971607028785,19689500
2025-04-02,380.813720703125,383.74348886180815,375.3128595122782,376.6581801475031,16092600
2025-04-03,371.8150329589844,376.16989155085776,368.06810346654436,373.4892252977989,30198000
2025-04-04,358.59112548828125,373.2899337218873,358.2323895120423,362.86624500843976,49209900
2025-04-07,356.61798095703125,369.7123913004176,343.5933653790687,349.66222551139305,50425000
2025-04-08,353.3294372558594,372.35317854006513,349.0343982710952,366.98190125867967,35868900
2025-04-09,389.13470458984375,391.865215467322,351.8744910293168,352.3129663406882,50199700
2025-04-10,380.0264587402344,382.56759631800514,366.5234683324548,380.7339860356081,38024400
2025-04-11,387.1018371582031,388.6962597846969,377.57501903009035,379.31894538802237,23839200
2025-04-14,386.4640197753906,393.28027643878613,382.8765082652718,391.8552468593249,19251200
2025-04-15,384.3912658691406,390.5298901348079,382.82670753665025,387.16161616456134,17199900
2025-04-16,370.32025146484375,380.2855448116978,366.72279516422714,379.34883521582236,21967800
2025-04-17,366.5035400390625,373.02085009277744,365.61664478749583,372.45282110026085,21120200
2025-04-21,357.87359619140625,363.21500903617533,354.43558836453434,361.5607667541322,20807300
2025-04-22,365.5469055175781,366.4935901583944,358.611039306251,362.1188421014038,19485000
2025-04-23,373.0906066894531,379.06978228856406,371.7253360485286,374.75479353400954,20545500
2025-04-24,385.9557800292969,387.10181303671203,373.8878249819962,374.3960646492269,22232300
2025-04-25,390.4900207519531,390.79894240871675,383.2651831703409,385.65684745985266,18973200
2025-04-28,389.8023986816406,391.3769015704532,385.2980972626593,390.59960994479576,16579400
2025-04-29,392.67242431640625,393.7287429695286,389.02512333213684,389.9419132819562,14974000
2025-04-30,393.88818359375,395.2833185411371,383.10572919383554,388.94537633492024,36461100
2025-05-01,423.9235534667969,435.47332427713997,423.4252888222868,429.6137271918364,58938100
2025-05-02,433.769287109375,437.91485278651635,428.49763841940904,430.2415647531947,30757400
2025-05-05,434.65618896484375,437.97461808249534,430.6102521137275,431.367624097433,20136100
2025-05-06,431.8061218261719,436.2107948487266,429.6735648726689,430.6999888667604,15104200
2025-05-07,431.8459777832031,436.5994115910065,429.6137314736212,432.3342674079582,23295300
2025-05-08,436.6492614746094,442.1301726837614,434.147963172883,436.41007376009867,23491300
2025-05-09,437.20733642578125,439.2103397565405,434.3672216715751,438.47291776294395,15324200
2025-05-12,447.70074462890625,447.8103482497994,438.2536363054134,444.3922601902366,22821900
2025-05-13,447.5812072753906,449.1058959658508,443.8142971336702,446.22591154405814,23618800
2025-05-14,451.36798095703125,452.32464056421765,446.5846525094385,446.5846525094385,19902800
2025-05-15,452.3863220214844,455.44129747226026,449.6907411096269,450.0301794411029,21992300
2025-05-16,453.5244445800781,453.6142932166669,447.99355872232604,451.30808680840903,23849800
2025-05-19,458.11688232421875,458.83570185482216,450.0601197660991,450.14000552921704,21336500
2025-05-20,457.4180603027344,457.58776423526933,453.57437286704067,454.8422775622727,15441800
2025-05-21,451.8272399902344,457.02868069868646,451.06847756848606,453.8239575485261,19216900
2025-05-22,454.11346435546875,459.49463285512667,453.1550484484722,454.2033434579146,18025600
2025-05-23,449.441162109375,452.94541128469075,448.17325738802526,449.24150862772166,16883500
2025-05-27,459.93389892578125,460.19348195260824,455.3713920868909,455.7308170830738,20974300
2025-05-28,456.609375,461.7609101640183,456.1800880198718,460.4630558858422,17086300
2025-05-29,457.9272155761719,460.9622349154345,454.56275123248776,460.79250051058557,13974800
2025-05-30,459.60443115234375,460.9222720478794,454.79236501090486,458.96549737927586,34770500
2025-06-02,461.2118225097656,461.35157690062545,456.1401731404802,456.3897628439735,16626500
2025-06-03,462.2101745605469,463.3782677615003,460.1036216507913,460.7126363614999,15743800
2025-06-04,463.1086730957031,464.9256933509807,462.2600620562611,463.2384646092932,14162700
2025-06-05,466.91241455078125,468.8791825139859,463.26841119380083,464.1968775224098,20131700
2025-06-06,469.6080017089844,472.56313512848675,468.0106215882427,469.31846913564885,15285600
2025-06-09,471.97412109375,472.6529977632414,467.8508943889836,468.92913895110996,16469900
2025-06-10,470.1471252441406,472.02401413852874,466.19360257943936,470.4166711436691,15375900
2025-06-11,471.8443298339844,474.68965849935887,468.88919632531986,469.24859086789724,16399200
2025-06-12,478.0840759277344,479.6315503555016,472.7428502291372,474.2403884361742,18950600
2025-06-13,474.18048095703125,478.3935562569989,471.98410990605987,475.62811338522215,16814500
2025-06-16,478.3536376953125,479.90108160832807,474.2204177457221,474.4300645574067,15626100
2025-06-17,477.25543212890625,477.9542649832925,473.30190948641297,474.6197503672441,15414100
2025-06-18,479.4518127441406,480.2105751696819,473.68130019053103,477.21549881727225,17526500
2025-06-20,476.6164855957031,482.666537493529,476.0873566497709,481.4385756672578,37576200
2025-06-23,485.2023620605469,486.94948990747275,471.7345120072702,477.425138713905,24864000
2025-06-24,489.30560302734375,491.0427680081874,486.0010379300524,488.1475336634371,22305600
2025-06-25,491.4620666503906,493.7483167920849,488.58681895090325,491.2324636297239,17495100
2025-06-26,496.6335754394531,497.2226034494893,492.0011761864687,492.1709105807123,21578900
2025-06-27,495.1260681152344,498.4805390751374,492.22084033701867,496.73341116664807,34539200
2025-06-30,496.5936584472656,499.9381665482639,494.51705506439515,496.22427056302723,28369000
2025-07-01,491.242431640625,497.2325843953567,490.1742108879921,495.655190908974,19945400
2025-07-02,490.2840270996094,492.69007550131784,487.8979653734086,489.1858263089447,16319600
2025-07-03,498.02130126953125,499.3091926553608,492.6301698307581,492.99955771280014,13984800
2025-07-07,496.90313720703125,497.9314455400232,494.41723357438383,496.56369887519327,13981600
2025-07-08,495.804931640625,497.3823555722493,493.2990413573122,496.42390920841734,11846600
2025-07-09,502.68365478515625,505.94827712953634,498.919822567675,499.47890106455674,18659500
2025-07-10,500.656982421875,503.6121159415126,496.93309312638246,502.22438258392543,16492100
2025-07-11,502.49395751953125,504.20114253320645,496.9829974553982,497.6519112557523,16459500
2025-07-14,502.1944274902344,503.14288052756655,500.20770324807717,500.6968893054946,12058800
2025-07-15,504.9898376464844,507.465747883617,501.9648118083004,502.19441482497484,14927200
2025-07-16,504.7901611328125,505.88836188358,501.06630238508603,504.35088083250554,15154400
2025-07-17,510.8601989746094,512.5274410723513,504.7901605415637,504.85005963085433,17503100
2025-07-18,509.212890625,513.7953843002441,506.59719545986655,513.6356127696338,21209700
2025-07-21,509.2228698730469,511.24956741731427,504.7202620876888,505.8783619126309,14066800
2025-07-22,504.44073486328125,510.3610256433726,504.44073486328125,510.13139215337156,13868600
2025-07-23,505.0397644042969,505.95826791167354,499.87826643817476,505.9183250285286,16396600
2025-07-24,510.0415344238281,512.826933461713,506.4673929575042,507.93498157135946,16107000
2025-07-25,512.866943359375,517.4393829887753,509.52240467312413,511.6289272082179,19125700
2025-07-28,511.65887451171875,514.1547714605564,509.2827757416266,513.2362984451797,14308000
2025-07-29,511.728759765625,516.7704593446111,510.7204076628311,514.6839236482208,16469200
2025-07-30,512.3976440429688,515.1032182392812,508.6038929137552,514.3244691518986,26380400
2025-07-31,532.6243896484375,554.5383762548963,531.0270400328567,554.3187056451394,51617300
2025-08-01,523.2498168945312,534.9206337229102,520.0051507892547,534.1219588686084,28977600
2025-08-04,534.7609252929688,537.3666271513684,527.2632409127965,527.4030257699867,25349000
2025-08-05,526.8838500976562,536.4181643311854,526.374677366439,536.2983661514853,19171600
2025-08-06,524.0784912109375,530.8274067099719,523.1700114791388,530.0287318260303,21355700
2025-08-07,519.9852294921875,527.2233308658066,516.7005900083886,525.9354090023164,16079100
2025-08-08,521.1832275390625,523.7989228282858,518.5575389118288,521.7423060527517,15531000
2025-08-11,520.9136962890625,526.7241518809952,518.8670119786243,521.4427947726738,20194400
2025-08-12,528.3713989257812,530.1085334795151,521.8421543429575,522.8904188907295,18667000
2025-08-13,519.7256469726562,531.825750889051,518.5176108745642,531.236692379076,19619200
2025-08-14,521.6224975585938,525.0868343553949,519.2863720398742,521.7023833261101,20269100
2025-08-15,519.3162841796875,525.2365445998882,518.2281072023833,521.9120536418995,25213300
2025-08-18,516.2512817382812,521.9619254356152,513.176380682391,520.7339636806648,23760600
2025-08-19,508.933349609375,514.314487646487,507.7153506663982,514.1547770514178,21481000
2025-08-20,504.8900146484375,510.161347905157,503.6121166003689,509.0331975839143,27723000
2025-08-21,504.239990234375,507.6300048828125,502.7200012207031,503.69000244140625,18443300
2025-08-22,507.2300109863281,510.7300109863281,502.4100036621094,504.25,24324200
2025-08-25,504.260009765625,508.19000244140625,504.1199951171875,506.6300048828125,21638600
2025-08-26,502.0400085449219,504.9800109863281,498.510009765625,504.3599853515625,30835700
2025-08-27,506.739990234375,507.2900085449219,499.8999938964844,502.0,17277900
2025-08-28,509.6400146484375,511.0899963378906,505.5,507.0899963378906,18015600
2025-08-29,506.69000244140625,509.6000061035156,504.489990234375,508.6600036621094,20961600
2025-09-02,505.1199951171875,506.0,496.80999755859375,500.4700012207031,18128000
2025-09-03,505.3500061035156,507.7900085449219,502.32000732421875,503.7900085449219,16345100
2025-09-04,507.9700012207031,508.1499938964844,503.1499938964844,504.29998779296875,15509500
2025-09-05,495.0,511.9700012207031,492.3699951171875,509.07000732421875,31994800
2025-09-08,498.20001220703125,501.20001220703125,495.0299987792969,498.1099853515625,16771000
2025-09-09,498.4100036621094,502.25,497.70001220703125,501.42999267578125,14410500
2025-09-10,500.3699951171875,503.2300109863281,496.7200012207031,502.9800109863281,21611800
2025-09-11,501.010009765625,503.1700134277344,497.8800048828125,502.25,18881600
2025-09-12,509.8999938964844,512.5499877929688,503.8500061035156,506.6499938964844,23624900
2025-09-15,515.3599853515625,515.469970703125,507.0,508.7900085449219,17143800
2025-09-16,509.0400085449219,517.22998046875,508.6000061035156,516.8800048828125,19711900
2025-09-17,510.0199890136719,511.2900085449219,505.92999267578125,510.6199951171875,15816600
2025-09-18,508.45001220703125,513.0700073242188,507.6600036621094,511.489990234375,18913700
2025-09-19,517.9299926757812,519.2999877929688,510.30999755859375,510.55999755859375,52474100
2025-09-22,514.4500122070312,517.739990234375,512.5399780273438,515.5900268554688,20009300
2025-09-23,509.2300109863281,514.5900268554688,507.30999755859375,513.7999877929688,19799600
2025-09-24,510.1499938964844,512.47998046875,506.9200134277344,510.3800048828125,13533700
2025-09-25,507.0299987792969,510.010009765625,505.0400085449219,508.29998779296875,15786500
2025-09-26,511.4599914550781,513.9400024414062,506.6199951171875,510.05999755859375,16213100
2025-09-29,514.5999755859375,516.8499755859375,508.8800048828125,511.5,17617800
2025-09-30,517.9500122070312,518.1599731445312,509.6600036621094,513.239990234375,19728200
2025-10-01,519.7100219726562,520.510009765625,511.69000244140625,514.7999877929688,22632300
2025-10-02,515.739990234375,521.5999755859375,510.67999267578125,517.6400146484375,21222900
2025-10-03,517.3499755859375,520.489990234375,515.0,517.0999755859375,15112300
2025-10-06,528.5700073242188,531.030029296875,518.2000122070312,518.6099853515625,21388600
2025-10-07,523.97998046875,529.7999877929688,521.4400024414062,528.2899780273438,14615200
2025-10-08,524.8499755859375,526.9500122070312,523.0900268554688,523.280029296875,13363400
2025-10-09,522.4000244140625,524.3300170898438,517.4000244140625,522.3400268554688,18343600
2025-10-10,510.9599914550781,523.5800170898438,509.6300048828125,519.6400146484375,24133800
2025-10-13,514.0499877929688,516.4099731445312,511.67999267578125,516.4099731445312,14284200
2025-10-14,513.5700073242188,515.280029296875,506.0,510.2300109863281,14684300
2025-10-15,513.4299926757812,517.1900024414062,510.0,514.9600219726562,14694700
2025-10-16,511.6099853515625,516.8499755859375,508.1300048828125,512.5800170898438,15559600
2025-10-17,513.5800170898438,515.47998046875,507.30999755859375,509.0400085449219,19867800
2025-10-20,516.7899780273438,518.7000122070312,513.4299926757812,514.6099853515625,14665600
2025-10-21,517.6599731445312,518.6900024414062,513.0399780273438,517.5,15586200
2025-10-22,520.5399780273438,525.22998046875,517.7100219726562,521.1500244140625,18962700
2025-10-23,520.5599975585938,523.9500122070312,518.6099853515625,522.4600219726562,14023500
2025-10-24,523.6099853515625,525.3499755859375,520.7100219726562,522.7899780273438,15532400
2025-10-27,531.52001953125,534.5800170898438,529.010009765625,531.780029296875,18734700
2025-10-28,542.0700073242188,553.719970703125,540.77001953125,550.0,29986700
2025-10-29,541.5499877929688,546.27001953125,536.72998046875,544.9400024414062,36023000
2025-10-30,525.760009765625,534.969970703125,522.1199951171875,530.47998046875,41023100
2025-10-31,517.8099975585938,529.3200073242188,515.0999755859375,528.8800048828125,34006400
2025-11-03,517.030029296875,524.9600219726562,514.5900268554688,519.8099975585938,22374700
2025-11-04,514.3300170898438,515.5499877929688,507.8399963378906,511.760009765625,20958700
2025-11-05,507.1600036621094,514.8300170898438,506.5799865722656,513.2999877929688,23024300
2025-11-06,497.1000061035156,505.70001220703125,495.80999755859375,505.6600036621094,27406500
2025-11-07,496.82000732421875,499.3800048828125,493.25,496.95001220703125,24019800
2025-11-10,506.0,506.8500061035156,498.79998779296875,500.0400085449219,26101500
2025-11-11,508.67999267578125,509.6000061035156,502.3500061035156,504.79998779296875,17980000
2025-11-12,511.1400146484375,511.6700134277344,499.1199951171875,509.3599853515625,26574900
2025-11-13,503.2900085449219,513.5,501.2900085449219,510.30999755859375,25222824
